Alvarenga,Herminia,halvarenga1,test1,0
Miller,Alex,amiller2,test2,1
Brown,Alice,abrown3,test3,0
Yu,Daniel,dyu4,test4,1
Sanchez,Chris,csan,123,1
Moore,Paul,pmoore5,test5,0
Cola,Coca,Cocacoola,soda,1
Sanny,Chrissy,csanny,123,1
g,Jose,jg,123,1
